ID_ESTAC,NOM_ESTACIO,NOM_ORIGINAL,DATA_DIA,DATA_EXTRACCIO,URL_FONT,GRUIX_NEU_MAX,HUMITAT_MITJANA_DIA,PRECIPITACIO_ACUM_DIA,PRESSIO_ATMOSFERICA,RADIACIO_GLOBAL,RATXA_VENT_MAX,TEMPERATURA_MAXIMA_DIA,TEMPERATURA_MINIMA_DIA,TEMPERATURA_MITJANA_DIA
WB,Albesa,ALBESA_WB,2026-02-23,2026-02-23 21:45:40,https://www.meteo.cat/observacions/xema/dades?codi=WB&dia=2026-02-23T09:00Z,,79%,0.0 mm,,15.2 MJ/m2,9.0 km/h - 149º 11:55 TU,18.9 °C 15:28 TU,3.2 °C 5:05 TU,10.3 °C
XY,Alcarràs,ALCARRAS_XY,2026-02-23,2026-02-23 21:45:42,https://www.meteo.cat/observacions/xema/dades?codi=XY&dia=2026-02-23T09:00Z,,82%,0.1 mm,,,11.9 km/h - 179º 14:44 TU,19.9 °C 15:40 TU,0.0 °C 5:51 TU,8.5 °C
U7,Aldover,ALDOVER_U7,2026-02-23,2026-02-23 21:45:45,https://www.meteo.cat/observacions/xema/dades?codi=U7&dia=2026-02-23T09:00Z,,67%,0.0 mm,,15.7 MJ/m2,10.4 km/h - 115º 11:32 TU,24.3 °C 13:23 TU,4.5 °C 5:41 TU,13.4 °C
WK,Alfarràs,ALFARRAS_WK,2026-02-23,2026-02-23 21:45:47,https://www.meteo.cat/observacions/xema/dades?codi=WK&dia=2026-02-23T09:00Z,,79%,0.0 mm,,,13.3 km/h - 325º 1:49 TU,18.9 °C 14:46 TU,3.4 °C 6:31 TU,10.3 °C
WG,Algerri,ALGERRI_WG,2026-02-23,2026-02-23 21:45:50,https://www.meteo.cat/observacions/xema/dades?codi=WG&dia=2026-02-23T09:00Z,,76%,0.0 mm,,15.8 MJ/m2,12.2 km/h - 222º 13:24 TU,18.8 °C 15:37 TU,4.1 °C 4:46 TU,10.7 °C
X3,Alguaire,ALGUAIRE_X3,2026-02-23,2026-02-23 21:45:52,https://www.meteo.cat/observacions/xema/dades?codi=X3&dia=2026-02-23T09:00Z,,73%,0.0 mm,1025.5 hPa,15.7 MJ/m2,20.2 km/h - 77º 21:02 TU,17.7 °C 15:32 TU,5.0 °C 6:40 TU,11.2 °C
ZB,Alins - Salòria (2.451 m),ALINS___SALORIA_2451_M_ZB,2026-02-23,2026-02-23 21:45:54,https://www.meteo.cat/observacions/xema/dades?codi=ZB&dia=2026-02-23T09:00Z,sense dades,24%,0.0 mm,,14.9 MJ/m2,17.6 km/h - 349º 5:46 TU,8.7 °C 11:37 TU,0.7 °C 4:34 TU,3.6 °C
YT,Alt Àneu - Bonabé (1.693 m),ALT_ANEU___BONABE_1693_M_YT,2026-02-23,2026-02-23 21:45:57,https://www.meteo.cat/observacions/xema/dades?codi=YT&dia=2026-02-23T09:00Z,108 cm,36%,0.0 mm,,12.9 MJ/m2,,13.1 °C 14:31 TU,0.5 °C 7:00 TU,5.8 °C
Z1,Alt Àneu - Bonaigua (2.266 m),ALT_ANEU___BONAIGUA_2266_M_Z1,2026-02-23,2026-02-23 21:45:59,https://www.meteo.cat/observacions/xema/dades?codi=Z1&dia=2026-02-23T09:00Z,243 cm,32%,0.0 mm,,16.6 MJ/m2,32.8 km/h - 223º 6:08 TU,11.1 °C 12:58 TU,0.6 °C 0:16 TU,3.8 °C
UU,Amposta,AMPOSTA_UU,2026-02-23,2026-02-23 21:46:01,https://www.meteo.cat/observacions/xema/dades?codi=UU&dia=2026-02-23T09:00Z,,71%,0.0 mm,1025.1 hPa,16.3 MJ/m2,30.6 km/h - 171º 15:38 TU,18.9 °C 12:50 TU,6.8 °C 6:00 TU,12.5 °C
XX,Anglesola - Tornabous,ANGLESOLA___TORNABOUS_XX,2026-02-23,2026-02-23 21:46:04,https://www.meteo.cat/observacions/xema/dades?codi=XX&dia=2026-02-23T09:00Z,,81%,0.0 mm,,,11.5 km/h - 244º 13:30 TU,17.5 °C 15:22 TU,1.4 °C 6:28 TU,9.2 °C
DN,Anglès,ANGLES_DN,2026-02-23,2026-02-23 21:46:06,https://www.meteo.cat/observacions/xema/dades?codi=DN&dia=2026-02-23T09:00Z,,69%,0.0 mm,1024.7 hPa,14.8 MJ/m2,18.7 km/h - 105º 14:08 TU,21.6 °C 14:08 TU,3.7 °C 3:48 TU,12.0 °C
Z6,Arres - Sasseuva (2.228 m),ARRES___SASSEUVA_2228_M_Z6,2026-02-23,2026-02-23 21:46:09,https://www.meteo.cat/observacions/xema/dades?codi=Z6&dia=2026-02-23T09:00Z,128 cm,29%,0.0 mm,,16.4 MJ/m2,20.9 km/h - 323º 3:10 TU,10.2 °C 15:37 TU,1.6 °C 5:06 TU,4.8 °C
X6,Artesa de Segre - Baldomar,ARTESA_DE_SEGRE___BALDOMAR_X6,2026-02-23,2026-02-23 21:46:11,https://www.meteo.cat/observacions/xema/dades?codi=X6&dia=2026-02-23T09:00Z,,84%,0.1 mm,,14.5 MJ/m2,15.1 km/h - 175º 13:06 TU,17.7 °C 14:48 TU,0.4 °C 6:30 TU,8.2 °C
WW,Artés,ARTES_WW,2026-02-23,2026-02-23 21:46:13,https://www.meteo.cat/observacions/xema/dades?codi=WW&dia=2026-02-23T09:00Z,,76%,0.0 mm,,,,20.3 °C 16:47 TU,0.8 °C 7:03 TU,9.9 °C
VA,Ascó,ASCO_VA,2026-02-23,2026-02-23 21:46:16,https://www.meteo.cat/observacions/xema/dades?codi=VA&dia=2026-02-23T09:00Z,,67%,0.0 mm,,15.6 MJ/m2,19.1 km/h - 24º 13:04 TU,21.3 °C 15:17 TU,2.8 °C 6:33 TU,11.3 °C
WU,Badalona - Museu,BADALONA___MUSEU_WU,2026-02-23,2026-02-23 21:46:18,https://www.meteo.cat/observacions/xema/dades?codi=WU&dia=2026-02-23T09:00Z,,73%,0.0 mm,1025.6 hPa,15.7 MJ/m2,25.2 km/h - 309º 1:29 TU,15.7 °C 9:17 TU,9.9 °C 5:30 TU,13.0 °C
DJ,Banyoles,BANYOLES_DJ,2026-02-23,2026-02-23 21:46:21,https://www.meteo.cat/observacions/xema/dades?codi=DJ&dia=2026-02-23T09:00Z,,62%,0.0 mm,1024.4 hPa,15.5 MJ/m2,20.9 km/h - 158º 12:13 TU,21.0 °C 12:58 TU,7.5 °C 6:52 TU,14.0 °C
X4,Barcelona - el Raval,BARCELONA___EL_RAVAL_X4,2026-02-23,2026-02-23 21:46:23,https://www.meteo.cat/observacions/xema/dades?codi=X4&dia=2026-02-23T09:00Z,,67%,0.0 mm,1024.7 hPa,15.7 MJ/m2,14.4 km/h - 118º 13:43 TU,17.5 °C 10:18 TU,11.0 °C 6:10 TU,14.2 °C
D5,Barcelona - Observatori Fabra,BARCELONA___OBSERVATORI_FABRA_D5,2026-02-23,2026-02-23 21:46:25,https://www.meteo.cat/observacions/xema/dades?codi=D5&dia=2026-02-23T09:00Z,,57%,0.0 mm,1024.3 hPa,15.8 MJ/m2,49.3 km/h - 328º 1:35 TU,18.5 °C 15:20 TU,11.6 °C 5:22 TU,14.4 °C
X8,Barcelona - Zona Universitària,BARCELONA___ZONA_UNIVERSITARIA_X8,2026-02-23,2026-02-23 21:46:28,https://www.meteo.cat/observacions/xema/dades?codi=X8&dia=2026-02-23T09:00Z,,64%,0.0 mm,1024.6 hPa,15.2 MJ/m2,19.4 km/h - 300º 1:34 TU,19.5 °C 13:21 TU,9.8 °C 6:36 TU,14.3 °C
YX,Batea,BATEA_YX,2026-02-23,2026-02-23 21:46:30,https://www.meteo.cat/observacions/xema/dades?codi=YX&dia=2026-02-23T09:00Z,,48%,0.0 mm,,16.6 MJ/m2,,19.3 °C 15:43 TU,7.6 °C 6:55 TU,13.1 °C
UF,Begues - Pn del Garraf - el Rascler,BEGUES___PN_DEL_GARRAF___EL_RASCLER_UF,2026-02-23,2026-02-23 21:46:32,https://www.meteo.cat/observacions/xema/dades?codi=UF&dia=2026-02-23T09:00Z,,58%,0.0 mm,,15.9 MJ/m2,21.6 km/h - 332º 3:01 TU,18.2 °C 14:29 TU,10.8 °C 6:32 TU,13.8 °C
VB,Benissanet,BENISSANET_VB,2026-02-23,2026-02-23 21:46:35,https://www.meteo.cat/observacions/xema/dades?codi=VB&dia=2026-02-23T09:00Z,,72%,0.0 mm,,16.0 MJ/m2,18.4 km/h - 54º 10:35 TU,22.7 °C 14:57 TU,-0.5 °C 6:25 TU,10.4 °C
WM,Berga - Santuari de Queralt,BERGA___SANTUARI_DE_QUERALT_WM,2026-02-23,2026-02-23 21:46:37,https://www.meteo.cat/observacions/xema/dades?codi=WM&dia=2026-02-23T09:00Z,,51%,0.0 mm,,15.9 MJ/m2,19.8 km/h - 187º 16:07 TU,17.4 °C 13:21 TU,8.9 °C 6:18 TU,12.4 °C
W8,Blancafort,BLANCAFORT_W8,2026-02-23,2026-02-23 21:46:40,https://www.meteo.cat/observacions/xema/dades?codi=W8&dia=2026-02-23T09:00Z,,68%,0.0 mm,,,,19.6 °C 13:34 TU,3.8 °C 6:30 TU,11.2 °C
YS,Cabanes,CABANES_YS,2026-02-23,2026-02-23 21:46:42,https://www.meteo.cat/observacions/xema/dades?codi=YS&dia=2026-02-23T09:00Z,,73%,0.0 mm,,15.2 MJ/m2,15.1 km/h - 158º 14:01 TU,22.0 °C 13:08 TU,4.0 °C 6:23 TU,12.4 °C
UP,Cabrils,CABRILS_UP,2026-02-23,2026-02-23 21:46:44,https://www.meteo.cat/observacions/xema/dades?codi=UP&dia=2026-02-23T09:00Z,,81%,0.0 mm,1024.7 hPa,15.5 MJ/m2,13.7 km/h - 98º 8:16 TU,17.6 °C 12:13 TU,6.7 °C 6:15 TU,11.8 °C
X9,Caldes de Montbui,CALDES_DE_MONTBUI_X9,2026-02-23,2026-02-23 21:46:47,https://www.meteo.cat/observacions/xema/dades?codi=X9&dia=2026-02-23T09:00Z,,73%,0.0 mm,1024.6 hPa,15.2 MJ/m2,16.2 km/h - 144º 13:27 TU,20.7 °C 13:55 TU,3.6 °C 4:33 TU,11.5 °C
WX,Camarasa,CAMARASA_WX,2026-02-23,2026-02-23 21:46:49,https://www.meteo.cat/observacions/xema/dades?codi=WX&dia=2026-02-23T09:00Z,,75%,0.0 mm,,15.7 MJ/m2,13.7 km/h - 143º 12:26 TU,16.8 °C 14:52 TU,3.9 °C 7:18 TU,10.2 °C
XU,Canyelles,CANYELLES_XU,2026-02-23,2026-02-23 21:46:52,https://www.meteo.cat/observacions/xema/dades?codi=XU&dia=2026-02-23T09:00Z,,74%,0.0 mm,,15.3 MJ/m2,18.7 km/h - 5º 8:16 TU,19.4 °C 10:57 TU,5.1 °C 2:02 TU,11.6 °C
MQ,Cardona,CARDONA_MQ,2026-02-23,2026-02-23 21:46:54,https://www.meteo.cat/observacions/xema/dades?codi=MQ&dia=2026-02-23T09:00Z,,76%,0.0 mm,,,,21.5 °C 14:32 TU,0.4 °C 6:54 TU,9.7 °C
UN,Cassà de la Selva,CASSA_DE_LA_SELVA_UN,2026-02-23,2026-02-23 21:46:56,https://www.meteo.cat/observacions/xema/dades?codi=UN&dia=2026-02-23T09:00Z,,76%,0.1 mm,,15.3 MJ/m2,18.0 km/h - 164º 12:18 TU,20.5 °C 14:30 TU,3.1 °C 6:36 TU,10.7 °C
DO,"Castell D'aro, Platja D'aro i S'agaró - Castell D'aro",CASTELL_DARO_PLATJA_DARO_I_SAGARO___CASTELL_DARO_D,2026-02-23,2026-02-23 21:46:59,https://www.meteo.cat/observacions/xema/dades?codi=DO&dia=2026-02-23T09:00Z,,79%,0.0 mm,1024.8 hPa,14.8 MJ/m2,22.3 km/h - 196º 12:25 TU,20.0 °C 13:09 TU,5.8 °C 7:06 TU,11.7 °C
MS,Castellar de N'hug - el Clot del Moro,CASTELLAR_DE_NHUG___EL_CLOT_DEL_MORO_MS,2026-02-23,2026-02-23 21:47:01,https://www.meteo.cat/observacions/xema/dades?codi=MS&dia=2026-02-23T09:00Z,,69%,0.0 mm,,,,20.4 °C 13:09 TU,1.3 °C 6:54 TU,8.8 °C
XC,Castellbisbal,CASTELLBISBAL_XC,2026-02-23,2026-02-23 21:47:03,https://www.meteo.cat/observacions/xema/dades?codi=XC&dia=2026-02-23T09:00Z,,71%,0.0 mm,1025.4 hPa,14.8 MJ/m2,23.8 km/h - 162º 16:03 TU,21.3 °C 13:46 TU,5.8 °C 6:14 TU,12.3 °C
U4,Castellnou de Bages,CASTELLNOU_DE_BAGES_U4,2026-02-23,2026-02-23 21:47:06,https://www.meteo.cat/observacions/xema/dades?codi=U4&dia=2026-02-23T09:00Z,,69%,0.0 mm,,16.4 MJ/m2,12.2 km/h - 169º 12:43 TU,20.4 °C 14:26 TU,4.6 °C 5:39 TU,12.2 °C
C6,Castellnou de Seana,CASTELLNOU_DE_SEANA_C6,2026-02-23,2026-02-23 21:47:08,https://www.meteo.cat/observacions/xema/dades?codi=C6&dia=2026-02-23T09:00Z,,79%,0.0 mm,1026.0 hPa,15.3 MJ/m2,13.0 km/h - 246º 12:41 TU,18.2 °C 15:41 TU,1.1 °C 6:29 TU,9.2 °C
W1,Castelló D'empúries,CASTELLO_DEMPURIES_W1,2026-02-23,2026-02-23 21:47:11,https://www.meteo.cat/observacions/xema/dades?codi=W1&dia=2026-02-23T09:00Z,,85%,0.0 mm,,,,20.3 °C 11:46 TU,3.1 °C 6:19 TU,10.9 °C
C8,Cervera,CERVERA_C8,2026-02-23,2026-02-23 21:47:13,https://www.meteo.cat/observacions/xema/dades?codi=C8&dia=2026-02-23T09:00Z,,75%,0.1 mm,1025.4 hPa,15.8 MJ/m2,15.5 km/h - 294º 13:54 TU,16.8 °C 14:29 TU,3.6 °C 7:03 TU,9.8 °C
VQ,Constantí,CONSTANTI_VQ,2026-02-23,2026-02-23 21:47:15,https://www.meteo.cat/observacions/xema/dades?codi=VQ&dia=2026-02-23T09:00Z,,69%,0.0 mm,1024.8 hPa,15.6 MJ/m2,17.6 km/h - 188º 13:49 TU,20.1 °C 12:50 TU,4.5 °C 5:06 TU,11.7 °C
MR,Cornudella de Montsant - Pantà de Siurana,CORNUDELLA_DE_MONTSANT___PANTA_DE_SIURANA_MR,2026-02-23,2026-02-23 21:47:18,https://www.meteo.cat/observacions/xema/dades?codi=MR&dia=2026-02-23T09:00Z,,57%,0.0 mm,1025.0 hPa,15.9 MJ/m2,23.0 km/h - 84º 19:18 TU,22.2 °C 13:26 TU,5.0 °C 6:23 TU,12.0 °C
WZ,Cunit,CUNIT_WZ,2026-02-23,2026-02-23 21:47:20,https://www.meteo.cat/observacions/xema/dades?codi=WZ&dia=2026-02-23T09:00Z,,80%,0.1 mm,1025.0 hPa,15.2 MJ/m2,13.3 km/h - 203º 13:06 TU,17.8 °C 12:08 TU,5.9 °C 7:00 TU,11.2 °C
DP,Das - Aeròdrom,DAS___AERODROM_DP,2026-02-23,2026-02-23 21:47:23,https://www.meteo.cat/observacions/xema/dades?codi=DP&dia=2026-02-23T09:00Z,3 cm,59%,0.0 mm,1026.9 hPa,15.7 MJ/m2,24.8 km/h - 110º 17:18 TU,21.7 °C 14:08 TU,-3.6 °C 6:45 TU,7.0 °C
UQ,Dosrius - Pn Montnegre Corredor,DOSRIUS___PN_MONTNEGRE_CORREDOR_UQ,2026-02-23,2026-02-23 21:47:25,https://www.meteo.cat/observacions/xema/dades?codi=UQ&dia=2026-02-23T09:00Z,,57%,0.0 mm,,15.7 MJ/m2,18.0 km/h - 102º 4:36 TU,18.0 °C 13:54 TU,9.5 °C 1:28 TU,13.5 °C
WJ,El Masroig - el Masroig,EL_MASROIG___EL_MASROIG_WJ,2026-02-23,2026-02-23 21:47:27,https://www.meteo.cat/observacions/xema/dades?codi=WJ&dia=2026-02-23T09:00Z,,67%,0.0 mm,,,15.8 km/h - 270º 13:14 TU,22.5 °C 16:20 TU,2.5 °C 7:00 TU,11.2 °C
UH,El Montmell - el Montmell,EL_MONTMELL___EL_MONTMELL_UH,2026-02-23,2026-02-23 21:47:29,https://www.meteo.cat/observacions/xema/dades?codi=UH&dia=2026-02-23T09:00Z,,56%,0.0 mm,,16.0 MJ/m2,24.5 km/h - 287º 4:00 TU,21.4 °C 13:02 TU,8.4 °C 6:46 TU,14.4 °C
DB,El Perelló - el Perelló,EL_PERELLO___EL_PERELLO_DB,2026-02-23,2026-02-23 21:47:32,https://www.meteo.cat/observacions/xema/dades?codi=DB&dia=2026-02-23T09:00Z,,59%,0.0 mm,1024.9 hPa,16.3 MJ/m2,37.4 km/h - 295º 7:10 TU,23.1 °C 14:01 TU,7.7 °C 6:34 TU,13.7 °C
V8,El Poal - el Poal,EL_POAL___EL_POAL_V8,2026-02-23,2026-02-23 21:47:34,https://www.meteo.cat/observacions/xema/dades?codi=V8&dia=2026-02-23T09:00Z,,83%,0.0 mm,,15.4 MJ/m2,11.9 km/h - 244º 10:49 TU,17.7 °C 15:41 TU,0.4 °C 7:02 TU,8.6 °C
CT,El Pont de Suert - el Pont de Suert,EL_PONT_DE_SUERT___EL_PONT_DE_SUERT_CT,2026-02-23,2026-02-23 21:47:36,https://www.meteo.cat/observacions/xema/dades?codi=CT&dia=2026-02-23T09:00Z,,69%,0.0 mm,1027.1 hPa,14.0 MJ/m2,24.1 km/h - 171º 13:07 TU,19.8 °C 14:37 TU,-2.6 °C 7:08 TU,6.5 °C
XL,El Prat de Llobregat - el Prat de Llobregat,EL_PRAT_DE_LLOBREGAT___EL_PRAT_DE_LLOBREGAT_XL,2026-02-23,2026-02-23 21:47:39,https://www.meteo.cat/observacions/xema/dades?codi=XL&dia=2026-02-23T09:00Z,,76%,0.0 mm,,15.0 MJ/m2,24.5 km/h - 305º 6:03 TU,19.2 °C 12:16 TU,6.4 °C 20:35 TU,12.4 °C
Y7,El Prat de Llobregat - Port de Barcelona - Bocana Sud,EL_PRAT_DE_LLOBREGAT___PORT_DE_BARCELONA___BOCANA_,2026-02-23,2026-02-23 21:47:41,https://www.meteo.cat/observacions/xema/dades?codi=Y7&dia=2026-02-23T09:00Z,,,,,,,,,
YQ,El Prat de Llobregat - Port de Barcelona - Zal Prat,EL_PRAT_DE_LLOBREGAT___PORT_DE_BARCELONA___ZAL_PRA,2026-02-23,2026-02-23 21:47:43,https://www.meteo.cat/observacions/xema/dades?codi=YQ&dia=2026-02-23T09:00Z,,74%,0.0 mm,1024.7 hPa,15.0 MJ/m2,19.4 km/h - 186º 14:38 TU,17.1 °C 12:56 TU,9.0 °C 4:40 TU,12.9 °C
D9,El Vendrell - el Vendrell,EL_VENDRELL___EL_VENDRELL_D9,2026-02-23,2026-02-23 21:47:46,https://www.meteo.cat/observacions/xema/dades?codi=D9&dia=2026-02-23T09:00Z,,78%,0.0 mm,1025.0 hPa,15.5 MJ/m2,17.3 km/h - 343º 7:25 TU,18.7 °C 10:24 TU,3.7 °C 1:31 TU,10.9 °C
XM,Els Alamús - els Alamús,ELS_ALAMUS___ELS_ALAMUS_XM,2026-02-23,2026-02-23 21:47:48,https://www.meteo.cat/observacions/xema/dades?codi=XM&dia=2026-02-23T09:00Z,,80%,0.0 mm,,,11.5 km/h - 230º 13:06 TU,18.4 °C 16:14 TU,0.1 °C 6:54 TU,8.6 °C
CE,Els Hostalets de Pierola - els Hostalets de Pierola,ELS_HOSTALETS_DE_PIEROLA___ELS_HOSTALETS_DE_PIEROL,2026-02-23,2026-02-23 21:47:51,https://www.meteo.cat/observacions/xema/dades?codi=CE&dia=2026-02-23T09:00Z,,63%,0.0 mm,1024.6 hPa,15.6 MJ/m2,14.0 km/h - 134º 15:34 TU,21.6 °C 15:15 TU,8.0 °C 6:35 TU,13.7 °C
VD,Els Plans de Sió - el Canós,ELS_PLANS_DE_SIO___EL_CANOS_VD,2026-02-23,2026-02-23 21:47:53,https://www.meteo.cat/observacions/xema/dades?codi=VD&dia=2026-02-23T09:00Z,,72%,0.0 mm,,15.6 MJ/m2,14.4 km/h - 237º 14:20 TU,17.2 °C 14:44 TU,3.8 °C 6:28 TU,10.5 °C
VZ,Espolla,ESPOLLA_VZ,2026-02-23,2026-02-23 21:47:56,https://www.meteo.cat/observacions/xema/dades?codi=VZ&dia=2026-02-23T09:00Z,,71%,0.0 mm,,,,21.3 °C 13:58 TU,4.5 °C 6:41 TU,12.4 °C
Z7,Espot (2.519 m),ESPOT_2519_M_Z7,2026-02-23,2026-02-23 21:47:58,https://www.meteo.cat/observacions/xema/dades?codi=Z7&dia=2026-02-23T09:00Z,68 cm,22%,0.0 mm,,13.4 MJ/m2,35.3 km/h - 211º 4:35 TU,6.8 °C 14:10 TU,1.2 °C 3:02 TU,3.8 °C
X1,Falset,FALSET_X1,2026-02-23,2026-02-23 21:48:00,https://www.meteo.cat/observacions/xema/dades?codi=X1&dia=2026-02-23T09:00Z,,55%,0.0 mm,1025.6 hPa,15.3 MJ/m2,23.0 km/h - 328º 14:02 TU,20.8 °C 14:48 TU,6.8 °C 7:09 TU,13.1 °C
KP,Fogars de la Selva,FOGARS_DE_LA_SELVA_KP,2026-02-23,2026-02-23 21:48:03,https://www.meteo.cat/observacions/xema/dades?codi=KP&dia=2026-02-23T09:00Z,,82%,0.0 mm,,,,20.2 °C 12:29 TU,1.9 °C 6:38 TU,10.0 °C
XK,Fogars de Montclús - Puig Sesolles (1.668 m),FOGARS_DE_MONTCLUS___PUIG_SESOLLES_1668_M_XK,2026-02-23,2026-02-23 21:48:05,https://www.meteo.cat/observacions/xema/dades?codi=XK&dia=2026-02-23T09:00Z,1 cm,43%,0.0 mm,,17.2 MJ/m2,28.4 km/h - 136º 11:23 TU,12.4 °C 14:24 TU,6.3 °C 6:51 TU,8.6 °C
DI,Font-rubí,FONT_RUBI_DI,2026-02-23,2026-02-23 21:48:07,https://www.meteo.cat/observacions/xema/dades?codi=DI&dia=2026-02-23T09:00Z,,58%,0.0 mm,1024.5 hPa,15.2 MJ/m2,24.1 km/h - 71º 10:22 TU,20.4 °C 14:46 TU,9.3 °C 6:13 TU,14.1 °C
UO,Fornells de la Selva,FORNELLS_DE_LA_SELVA_UO,2026-02-23,2026-02-23 21:48:10,https://www.meteo.cat/observacions/xema/dades?codi=UO&dia=2026-02-23T09:00Z,,78%,0.0 mm,,,,20.7 °C 14:53 TU,1.1 °C 6:31 TU,10.0 °C
Y4,Fígols i Alinyà - Alinyà,FIGOLS_I_ALINYA___ALINYA_Y4,2026-02-23,2026-02-23 21:48:12,https://www.meteo.cat/observacions/xema/dades?codi=Y4&dia=2026-02-23T09:00Z,,46%,0.0 mm,,,,18.1 °C 15:28 TU,5.2 °C 6:36 TU,10.7 °C
XP,Gandesa,GANDESA_XP,2026-02-23,2026-02-23 21:48:15,https://www.meteo.cat/observacions/xema/dades?codi=XP&dia=2026-02-23T09:00Z,,52%,0.0 mm,,17.1 MJ/m2,21.2 km/h - 290º 11:44 TU,20.4 °C 14:55 TU,6.5 °C 1:31 TU,12.6 °C
VH,Gimenells i el Pla de la Font - Gimenells,GIMENELLS_I_EL_PLA_DE_LA_FONT___GIMENELLS_VH,2026-02-23,2026-02-23 21:48:17,https://www.meteo.cat/observacions/xema/dades?codi=VH&dia=2026-02-23T09:00Z,,80%,0.1 mm,,15.8 MJ/m2,10.8 km/h - 268º 14:24 TU,19.3 °C 16:03 TU,0.5 °C 7:04 TU,8.7 °C
XJ,Girona,GIRONA_XJ,2026-02-23,2026-02-23 21:48:19,https://www.meteo.cat/observacions/xema/dades?codi=XJ&dia=2026-02-23T09:00Z,,74%,0.0 mm,1024.9 hPa,15.7 MJ/m2,22.3 km/h - 162º 11:46 TU,21.6 °C 14:34 TU,1.1 °C 6:46 TU,10.9 °C
UI,Gisclareny,GISCLARENY_UI,2026-02-23,2026-02-23 21:48:22,https://www.meteo.cat/observacions/xema/dades?codi=UI&dia=2026-02-23T09:00Z,,56%,0.0 mm,,,,15.1 °C 11:40 TU,5.1 °C 5:42 TU,8.4 °C
WC,Golmés,GOLMES_WC,2026-02-23,2026-02-23 21:48:24,https://www.meteo.cat/observacions/xema/dades?codi=WC&dia=2026-02-23T09:00Z,,77%,0.0 mm,,15.8 MJ/m2,12.2 km/h - 235º 14:25 TU,18.0 °C 16:00 TU,0.9 °C 6:24 TU,9.1 °C
YM,Granollers,GRANOLLERS_YM,2026-02-23,2026-02-23 21:48:26,https://www.meteo.cat/observacions/xema/dades?codi=YM&dia=2026-02-23T09:00Z,,66%,0.0 mm,,,,20.8 °C 14:59 TU,6.2 °C 6:38 TU,13.0 °C
WV,Guardiola de Berguedà,GUARDIOLA_DE_BERGUEDA_WV,2026-02-23,2026-02-23 21:48:29,https://www.meteo.cat/observacions/xema/dades?codi=WV&dia=2026-02-23T09:00Z,,70%,0.0 mm,1026.1 hPa,14.8 MJ/m2,18.4 km/h - 249º 16:09 TU,19.8 °C 11:55 TU,0.0 °C 6:36 TU,9.0 °C
MV,Guixers - Valls,GUIXERS___VALLS_MV,2026-02-23,2026-02-23 21:48:31,https://www.meteo.cat/observacions/xema/dades?codi=MV&dia=2026-02-23T09:00Z,,79%,0.0 mm,,,,19.3 °C 13:22 TU,-1.9 °C 6:43 TU,6.9 °C
D8,Horta de Sant Joan,HORTA_DE_SANT_JOAN_D8,2026-02-23,2026-02-23 21:48:33,https://www.meteo.cat/observacions/xema/dades?codi=D8&dia=2026-02-23T09:00Z,,45%,0.0 mm,1025.1 hPa,16.7 MJ/m2,20.9 km/h - 281º 12:05 TU,20.5 °C 14:33 TU,7.7 °C 1:22 TU,13.6 °C
CP,Isona i Conca Dellà - Sant Romà D'abella,ISONA_I_CONCA_DELLA___SANT_ROMA_DABELLA_CP,2026-02-23,2026-02-23 21:48:35,https://www.meteo.cat/observacions/xema/dades?codi=CP&dia=2026-02-23T09:00Z,,60%,0.0 mm,1025.3 hPa,15.6 MJ/m2,17.6 km/h - 145º 17:23 TU,21.9 °C 15:09 TU,3.6 °C 6:39 TU,11.6 °C
U9,L'aldea - L'aldea,LALDEA___LALDEA_U9,2026-02-23,2026-02-23 21:48:38,https://www.meteo.cat/observacions/xema/dades?codi=U9&dia=2026-02-23T09:00Z,,68%,0.0 mm,,15.9 MJ/m2,14.8 km/h - 156º 15:29 TU,20.6 °C 13:02 TU,5.7 °C 6:49 TU,12.9 °C
UA,L'ametlla de Mar - L'ametlla de Mar,LAMETLLA_DE_MAR___LAMETLLA_DE_MAR_UA,2026-02-23,2026-02-23 21:48:40,https://www.meteo.cat/observacions/xema/dades?codi=UA&dia=2026-02-23T09:00Z,,62%,0.0 mm,,16.4 MJ/m2,22.7 km/h - 342º 11:25 TU,23.3 °C 13:43 TU,7.1 °C 6:00 TU,13.4 °C
CW,L'espluga de Francolí - L'espluga de Francolí,LESPLUGA_DE_FRANCOLI___LESPLUGA_DE_FRANCOLI_CW,2026-02-23,2026-02-23 21:48:42,https://www.meteo.cat/observacions/xema/dades?codi=CW&dia=2026-02-23T09:00Z,,57%,0.0 mm,1025.4 hPa,15.7 MJ/m2,27.7 km/h - 315º 14:20 TU,19.0 °C 14:35 TU,5.6 °C 7:00 TU,11.3 °C
YU,L'esquirol - Cantonigròs,LESQUIROL___CANTONIGROS_YU,2026-02-23,2026-02-23 21:48:45,https://www.meteo.cat/observacions/xema/dades?codi=YU&dia=2026-02-23T09:00Z,,47%,0.0 mm,,15.3 MJ/m2,17.6 km/h - 86º 2:11 TU,17.5 °C 14:19 TU,7.7 °C 6:35 TU,12.3 °C
DF,La Bisbal D'empordà - la Bisbal D'empordà,LA_BISBAL_DEMPORDA___LA_BISBAL_DEMPORDA_DF,2026-02-23,2026-02-23 21:48:47,https://www.meteo.cat/observacions/xema/dades?codi=DF&dia=2026-02-23T09:00Z,,76%,0.0 mm,1024.4 hPa,14.9 MJ/m2,19.8 km/h - 154º 14:10 TU,21.5 °C 14:02 TU,3.8 °C 5:17 TU,11.9 °C
WO,La Bisbal del Penedès - la Bisbal del Penedès,LA_BISBAL_DEL_PENEDES___LA_BISBAL_DEL_PENEDES_WO,2026-02-23,2026-02-23 21:48:50,https://www.meteo.cat/observacions/xema/dades?codi=WO&dia=2026-02-23T09:00Z,,75%,0.0 mm,,,,20.6 °C 13:57 TU,3.4 °C 6:52 TU,11.8 °C
ZE,La Coma i la Pedra - el Port del Comte (2.290 m),LA_COMA_I_LA_PEDRA___EL_PORT_DEL_COMTE_2290_M_ZE,2026-02-23,2026-02-23 21:48:52,https://www.meteo.cat/observacions/xema/dades?codi=ZE&dia=2026-02-23T09:00Z,106 cm,38%,0.0 mm,,16.6 MJ/m2,24.1 km/h - 323º 5:40 TU,7.8 °C 10:53 TU,0.1 °C 5:19 TU,4.1 °C
UM,La Granadella - la Granadella,LA_GRANADELLA___LA_GRANADELLA_UM,2026-02-23,2026-02-23 21:48:54,https://www.meteo.cat/observacions/xema/dades?codi=UM&dia=2026-02-23T09:00Z,,71%,0.0 mm,,16.3 MJ/m2,18.0 km/h - 322º 14:03 TU,18.5 °C 16:01 TU,1.9 °C 6:52 TU,9.7 °C
XB,La Llacuna - la Llacuna,LA_LLACUNA___LA_LLACUNA_XB,2026-02-23,2026-02-23 21:48:56,https://www.meteo.cat/observacions/xema/dades?codi=XB&dia=2026-02-23T09:00Z,,71%,0.0 mm,,,,19.4 °C 14:20 TU,2.4 °C 6:19 TU,10.3 °C
YC,La Pobla de Segur - la Pobla de Segur,LA_POBLA_DE_SEGUR___LA_POBLA_DE_SEGUR_YC,2026-02-23,2026-02-23 21:48:59,https://www.meteo.cat/observacions/xema/dades?codi=YC&dia=2026-02-23T09:00Z,,69%,0.0 mm,1026.2 hPa,15.5 MJ/m2,19.1 km/h - 334º 21:26 TU,20.9 °C 15:44 TU,0.1 °C 7:31 TU,8.8 °C
CR,La Quar - la Quar,LA_QUAR___LA_QUAR_CR,2026-02-23,2026-02-23 21:49:01,https://www.meteo.cat/observacions/xema/dades?codi=CR&dia=2026-02-23T09:00Z,,58%,0.0 mm,1024.8 hPa,,17.6 km/h - 209º 14:43 TU,18.9 °C 14:26 TU,6.6 °C 1:34 TU,11.4 °C
KX,La Roca del Vallès - la Roca del Vallès - Etap Cardedeu,LA_ROCA_DEL_VALLES___LA_ROCA_DEL_VALLES___ETAP_CAR,2026-02-23,2026-02-23 21:49:04,https://www.meteo.cat/observacions/xema/dades?codi=KX&dia=2026-02-23T09:00Z,,,,,,,,,
UW,La Ràpita - els Alfacs,LA_RAPITA___ELS_ALFACS_UW,2026-02-23,2026-02-23 21:49:06,https://www.meteo.cat/observacions/xema/dades?codi=UW&dia=2026-02-23T09:00Z,,79%,0.0 mm,1024.9 hPa,16.4 MJ/m2,16.2 km/h - 198º 15:42 TU,17.3 °C 14:08 TU,6.9 °C 6:49 TU,12.3 °C
CD,La Seu D'urgell - la Seu D'urgell - Bellestar,LA_SEU_DURGELL___LA_SEU_DURGELL___BELLESTAR_CD,2026-02-23,2026-02-23 21:49:08,https://www.meteo.cat/observacions/xema/dades?codi=CD&dia=2026-02-23T09:00Z,,59%,0.0 mm,1025.7 hPa,16.3 MJ/m2,18.7 km/h - 232º 15:33 TU,20.7 °C 14:20 TU,1.1 °C 6:30 TU,9.7 °C
UB,La Tallada D'empordà - la Tallada D'empordà,LA_TALLADA_DEMPORDA___LA_TALLADA_DEMPORDA_UB,2026-02-23,2026-02-23 21:49:11,https://www.meteo.cat/observacions/xema/dades?codi=UB&dia=2026-02-23T09:00Z,,79%,0.0 mm,,15.2 MJ/m2,16.6 km/h - 123º 12:39 TU,21.0 °C 14:48 TU,2.9 °C 6:34 TU,11.5 °C
ZD,La Tosa D'alp (2.478 m),LA_TOSA_DALP_2478_M_ZD,2026-02-23,2026-02-23 21:49:13,https://www.meteo.cat/observacions/xema/dades?codi=ZD&dia=2026-02-23T09:00Z,,28%,,,19.8 MJ/m2,34.9 km/h - 344º 7:16 TU,5.8 °C 14:17 TU,1.2 °C 7:38 TU,3.4 °C
W9,La Vall D'en Bas - la Vall D'en Bas,LA_VALL_DEN_BAS___LA_VALL_DEN_BAS_W9,2026-02-23,2026-02-23 21:49:15,https://www.meteo.cat/observacions/xema/dades?codi=W9&dia=2026-02-23T09:00Z,,76%,0.0 mm,,14.9 MJ/m2,15.1 km/h - 160º 14:14 TU,21.5 °C 13:45 TU,0.6 °C 6:06 TU,10.1 °C
Z2,La Vall de Boí - Boí (2.535 m),LA_VALL_DE_BOI___BOI_2535_M_Z2,2026-02-23,2026-02-23 21:49:18,https://www.meteo.cat/observacions/xema/dades?codi=Z2&dia=2026-02-23T09:00Z,109 cm,24%,0.0 mm,,16.9 MJ/m2,22.7 km/h - 327º 7:26 TU,8.2 °C 12:17 TU,-0.3 °C 4:15 TU,3.5 °C
YD,Les Borges Blanques - Les Borges Blanques,LES_BORGES_BLANQUES___LES_BORGES_BLANQUES_YD,2026-02-23,2026-02-23 21:49:20,https://www.meteo.cat/observacions/xema/dades?codi=YD&dia=2026-02-23T09:00Z,,76%,0.0 mm,1025.7 hPa,15.9 MJ/m2,18.7 km/h - 315º 11:48 TU,18.8 °C 14:43 TU,-0.5 °C 5:31 TU,8.7 °C
US,Les Cases D'alcanar,LES_CASES_DALCANAR_US,2026-02-23,2026-02-23 21:49:22,https://www.meteo.cat/observacions/xema/dades?codi=US&dia=2026-02-23T09:00Z,,73%,0.0 mm,,16.6 MJ/m2,11.9 km/h - 158º 12:28 TU,18.5 °C 14:01 TU,6.5 °C 6:46 TU,12.3 °C
Z5,Lladorre - Certascan (2.400 m),LLADORRE___CERTASCAN_2400_M_Z5,2026-02-23,2026-02-23 21:49:25,https://www.meteo.cat/observacions/xema/dades?codi=Z5&dia=2026-02-23T09:00Z,196 cm,22%,0.0 mm,,16.3 MJ/m2,43.9 km/h - 323º 6:36 TU,8.8 °C 13:47 TU,0.9 °C 8:26 TU,3.9 °C
VO,Lladurs,LLADURS_VO,2026-02-23,2026-02-23 21:49:27,https://www.meteo.cat/observacions/xema/dades?codi=VO&dia=2026-02-23T09:00Z,,63%,0.0 mm,,15.5 MJ/m2,15.5 km/h - 206º 15:08 TU,20.1 °C 13:54 TU,5.5 °C 5:32 TU,11.4 °C
YJ,Lleida - la Femosa,LLEIDA___LA_FEMOSA_YJ,2026-02-23,2026-02-23 21:49:30,https://www.meteo.cat/observacions/xema/dades?codi=YJ&dia=2026-02-23T09:00Z,,77%,0.0 mm,,15.8 MJ/m2,15.8 km/h - 108º 19:28 TU,19.2 °C 15:28 TU,0.5 °C 7:09 TU,9.3 °C
VK,Lleida - Raimat,LLEIDA___RAIMAT_VK,2026-02-23,2026-02-23 21:49:32,https://www.meteo.cat/observacions/xema/dades?codi=VK&dia=2026-02-23T09:00Z,,83%,0.0 mm,1026.0 hPa,16.1 MJ/m2,13.3 km/h - 217º 14:14 TU,18.3 °C 16:43 TU,0.1 °C 6:39 TU,8.6 °C
WI,Maials,MAIALS_WI,2026-02-23,2026-02-23 21:49:34,https://www.meteo.cat/observacions/xema/dades?codi=WI&dia=2026-02-23T09:00Z,,75%,0.0 mm,,16.2 MJ/m2,14.4 km/h - 271º 8:30 TU,19.9 °C 16:45 TU,0.4 °C 4:29 TU,9.0 °C
WT,Malgrat de Mar,MALGRAT_DE_MAR_WT,2026-02-23,2026-02-23 21:49:37,https://www.meteo.cat/observacions/xema/dades?codi=WT&dia=2026-02-23T09:00Z,,84%,0.0 mm,1024.9 hPa,15.8 MJ/m2,21.6 km/h - 335º 2:10 TU,18.4 °C 11:00 TU,6.6 °C 6:41 TU,11.9 °C
D1,Margalef,MARGALEF_D1,2026-02-23,2026-02-23 21:49:39,https://www.meteo.cat/observacions/xema/dades?codi=D1&dia=2026-02-23T09:00Z,,63%,0.0 mm,1025.8 hPa,16.3 MJ/m2,27.4 km/h - 249º 14:55 TU,20.0 °C 15:21 TU,3.7 °C 7:04 TU,10.7 °C
C9,Mas de Barberans,MAS_DE_BARBERANS_C9,2026-02-23,2026-02-23 21:49:42,https://www.meteo.cat/observacions/xema/dades?codi=C9&dia=2026-02-23T09:00Z,,50%,0.0 mm,1024.8 hPa,16.0 MJ/m2,18.4 km/h - 183º 16:13 TU,22.1 °C 14:04 TU,8.6 °C 6:24 TU,14.7 °C
YE,Massoteres,MASSOTERES_YE,2026-02-23,2026-02-23 21:49:44,https://www.meteo.cat/observacions/xema/dades?codi=YE&dia=2026-02-23T09:00Z,,80%,0.0 mm,,15.8 MJ/m2,18.0 km/h - 251º 14:11 TU,16.6 °C 15:05 TU,1.0 °C 5:45 TU,8.5 °C
YV,Mataró,MATARO_YV,2026-02-23,2026-02-23 21:49:46,https://www.meteo.cat/observacions/xema/dades?codi=YV&dia=2026-02-23T09:00Z,,72%,0.0 mm,,,23.8 km/h - 294º 0:00 TU,17.6 °C 11:44 TU,9.7 °C 6:19 TU,13.6 °C
WP,Mediona - Canaletes,MEDIONA___CANALETES_WP,2026-02-23,2026-02-23 21:49:49,https://www.meteo.cat/observacions/xema/dades?codi=WP&dia=2026-02-23T09:00Z,,67%,0.0 mm,,15.5 MJ/m2,28.4 km/h - 323º 7:51 TU,20.6 °C 15:13 TU,5.2 °C 5:47 TU,12.9 °C
Z3,Meranges - Malniu (2.230 m),MERANGES___MALNIU_2230_M_Z3,2026-02-23,2026-02-23 21:49:51,https://www.meteo.cat/observacions/xema/dades?codi=Z3&dia=2026-02-23T09:00Z,88 cm,28%,0.0 mm,,17.1 MJ/m2,18.4 km/h - 345º 5:10 TU,10.3 °C 14:28 TU,2.4 °C 3:49 TU,5.8 °C
XI,Mollerussa,MOLLERUSSA_XI,2026-02-23,2026-02-23 21:49:54,https://www.meteo.cat/observacions/xema/dades?codi=XI&dia=2026-02-23T09:00Z,,80%,0.0 mm,1026.2 hPa,15.8 MJ/m2,13.7 km/h - 311º 9:42 TU,17.7 °C 16:05 TU,0.8 °C 6:25 TU,8.5 °C
CG,Molló - Fabert,MOLLO___FABERT_CG,2026-02-23,2026-02-23 21:49:56,https://www.meteo.cat/observacions/xema/dades?codi=CG&dia=2026-02-23T09:00Z,2 cm,52%,0.0 mm,1023.9 hPa,15.8 MJ/m2,24.1 km/h - 156º 13:24 TU,15.8 °C 12:23 TU,5.1 °C 5:57 TU,10.0 °C
WN,Monistrol de Montserrat - Montserrat - Sant Dimes,MONISTROL_DE_MONTSERRAT___MONTSERRAT___SANT_DIMES_,2026-02-23,2026-02-23 21:49:58,https://www.meteo.cat/observacions/xema/dades?codi=WN&dia=2026-02-23T09:00Z,,54%,0.0 mm,,16.3 MJ/m2,38.5 km/h - 330º 1:16 TU,16.3 °C 13:38 TU,9.3 °C 6:38 TU,12.8 °C
YF,Mont-roig del Camp - Miami Platja,MONT_ROIG_DEL_CAMP___MIAMI_PLATJA_YF,2026-02-23,2026-02-23 21:50:01,https://www.meteo.cat/observacions/xema/dades?codi=YF&dia=2026-02-23T09:00Z,,61%,0.0 mm,1024.8 hPa,16.2 MJ/m2,35.3 km/h - 291º 10:06 TU,21.8 °C 12:27 TU,7.0 °C 20:33 TU,13.9 °C
Z9,Montellà i Martinet - Cadí Nord (2.143 m) - Prat D'aguiló,MONTELLA_I_MARTINET___CADI_NORD_2143_M___PRAT_DAGU,2026-02-23,2026-02-23 21:50:03,https://www.meteo.cat/observacions/xema/dades?codi=Z9&dia=2026-02-23T09:00Z,159 cm,29%,0.0 mm,,16.9 MJ/m2,15.5 km/h - 235º 0:39 TU,10.0 °C 12:40 TU,2.3 °C 2:52 TU,5.7 °C
V4,Montesquiu,MONTESQUIU_V4,2026-02-23,2026-02-23 21:50:06,https://www.meteo.cat/observacions/xema/dades?codi=V4&dia=2026-02-23T09:00Z,,58%,0.0 mm,,,,21.1 °C 14:23 TU,3.3 °C 7:18 TU,11.7 °C
XA,Montmaneu - la Panadella,MONTMANEU___LA_PANADELLA_XA,2026-02-23,2026-02-23 21:50:08,https://www.meteo.cat/observacions/xema/dades?codi=XA&dia=2026-02-23T09:00Z,,64%,0.0 mm,1026.0 hPa,15.1 MJ/m2,19.4 km/h - 321º 15:38 TU,15.8 °C 14:29 TU,6.1 °C 6:58 TU,10.7 °C
CY,Muntanyola,MUNTANYOLA_CY,2026-02-23,2026-02-23 21:50:10,https://www.meteo.cat/observacions/xema/dades?codi=CY&dia=2026-02-23T09:00Z,,53%,0.0 mm,1024.2 hPa,15.9 MJ/m2,19.1 km/h - 253º 16:42 TU,19.4 °C 13:32 TU,8.2 °C 5:47 TU,12.9 °C
Y5,Navata,NAVATA_Y5,2026-02-23,2026-02-23 21:50:12,https://www.meteo.cat/observacions/xema/dades?codi=Y5&dia=2026-02-23T09:00Z,,67%,0.0 mm,,15.5 MJ/m2,20.2 km/h - 151º 11:32 TU,21.2 °C 13:35 TU,6.8 °C 4:39 TU,13.0 °C
MW,Navès,NAVES_MW,2026-02-23,2026-02-23 21:50:15,https://www.meteo.cat/observacions/xema/dades?codi=MW&dia=2026-02-23T09:00Z,,,,,,,,,
VY,Nulles,NULLES_VY,2026-02-23,2026-02-23 21:50:17,https://www.meteo.cat/observacions/xema/dades?codi=VY&dia=2026-02-23T09:00Z,,66%,0.0 mm,,,,20.1 °C 13:31 TU,6.1 °C 0:41 TU,12.5 °C
W5,Oliana,OLIANA_W5,2026-02-23,2026-02-23 21:50:19,https://www.meteo.cat/observacions/xema/dades?codi=W5&dia=2026-02-23T09:00Z,,74%,0.1 mm,,15.5 MJ/m2,14.4 km/h - 214º 12:58 TU,18.6 °C 14:06 TU,1.0 °C 5:20 TU,9.4 °C
WA,Oliola,OLIOLA_WA,2026-02-23,2026-02-23 21:50:21,https://www.meteo.cat/observacions/xema/dades?codi=WA&dia=2026-02-23T09:00Z,,84%,0.0 mm,,16.0 MJ/m2,14.0 km/h - 277º 14:26 TU,16.9 °C 15:02 TU,-1.1 °C 6:30 TU,8.0 °C
YB,Olot,OLOT_YB,2026-02-23,2026-02-23 21:50:24,https://www.meteo.cat/observacions/xema/dades?codi=YB&dia=2026-02-23T09:00Z,,68%,0.0 mm,1025.0 hPa,15.0 MJ/m2,21.6 km/h - 25º 14:25 TU,21.0 °C 12:12 TU,1.3 °C 6:28 TU,11.0 °C
CJ,Organyà,ORGANYA_CJ,2026-02-23,2026-02-23 21:50:26,https://www.meteo.cat/observacions/xema/dades?codi=CJ&dia=2026-02-23T09:00Z,,69%,0.0 mm,1026.1 hPa,15.7 MJ/m2,27.4 km/h - 9º 3:16 TU,20.7 °C 14:15 TU,0.8 °C 6:18 TU,9.5 °C
CC,Orís,ORIS_CC,2026-02-23,2026-02-23 21:50:29,https://www.meteo.cat/observacions/xema/dades?codi=CC&dia=2026-02-23T09:00Z,,62%,0.0 mm,1025.0 hPa,15.4 MJ/m2,16.2 km/h - 116º 14:57 TU,20.4 °C 14:44 TU,3.4 °C 6:08 TU,11.2 °C
UY,Os de Balaguer - el Monestir D'avellanes,OS_DE_BALAGUER___EL_MONESTIR_DAVELLANES_UY,2026-02-23,2026-02-23 21:50:31,https://www.meteo.cat/observacions/xema/dades?codi=UY&dia=2026-02-23T09:00Z,,82%,0.0 mm,,16.1 MJ/m2,14.0 km/h - 241º 14:49 TU,17.2 °C 13:59 TU,2.5 °C 6:38 TU,9.6 °C
YP,Palafrugell,PALAFRUGELL_YP,2026-02-23,2026-02-23 21:50:33,https://www.meteo.cat/observacions/xema/dades?codi=YP&dia=2026-02-23T09:00Z,,83%,0.0 mm,,15.6 MJ/m2,26.6 km/h - 197º 13:16 TU,18.9 °C 13:55 TU,2.9 °C 5:49 TU,10.7 °C
J5,Pantà de Darnius - Boadella,PANTA_DE_DARNIUS___BOADELLA_J5,2026-02-23,2026-02-23 21:50:35,https://www.meteo.cat/observacions/xema/dades?codi=J5&dia=2026-02-23T09:00Z,,70%,0.0 mm,1024.5 hPa,15.3 MJ/m2,19.4 km/h - 157º 15:50 TU,21.8 °C 13:17 TU,7.4 °C 6:48 TU,12.9 °C
XG,Parets del Vallès,PARETS_DEL_VALLES_XG,2026-02-23,2026-02-23 21:50:38,https://www.meteo.cat/observacions/xema/dades?codi=XG&dia=2026-02-23T09:00Z,,73%,0.0 mm,1025.2 hPa,15.1 MJ/m2,18.0 km/h - 244º 15:07 TU,22.0 °C 13:56 TU,4.6 °C 6:27 TU,12.5 °C
V5,Perafita,PERAFITA_V5,2026-02-23,2026-02-23 21:50:40,https://www.meteo.cat/observacions/xema/dades?codi=V5&dia=2026-02-23T09:00Z,,56%,0.0 mm,,15.5 MJ/m2,16.9 km/h - 260º 13:52 TU,19.2 °C 14:33 TU,6.2 °C 2:44 TU,12.5 °C
VP,Pinós,PINOS_VP,2026-02-23,2026-02-23 21:50:43,https://www.meteo.cat/observacions/xema/dades?codi=VP&dia=2026-02-23T09:00Z,,76%,0.0 mm,,15.2 MJ/m2,18.7 km/h - 277º 12:52 TU,17.6 °C 14:27 TU,3.9 °C 6:11 TU,10.2 °C
D6,Portbou - Coll dels Belitres,PORTBOU___COLL_DELS_BELITRES_D6,2026-02-23,2026-02-23 21:50:45,https://www.meteo.cat/observacions/xema/dades?codi=D6&dia=2026-02-23T09:00Z,,46%,0.0 mm,1023.7 hPa,15.2 MJ/m2,56.9 km/h - 335º 5:03 TU,20.8 °C 13:44 TU,13.4 °C 7:01 TU,16.6 °C
XR,Prades,PRADES_XR,2026-02-23,2026-02-23 21:50:47,https://www.meteo.cat/observacions/xema/dades?codi=XR&dia=2026-02-23T09:00Z,2 cm,68%,0.0 mm,,15.9 MJ/m2,20.2 km/h - 303º 13:06 TU,16.7 °C 13:29 TU,-1.2 °C 5:24 TU,7.4 °C
YA,Puigcerdà,PUIGCERDA_YA,2026-02-23,2026-02-23 21:50:50,https://www.meteo.cat/observacions/xema/dades?codi=YA&dia=2026-02-23T09:00Z,,45%,0.0 mm,1025.3 hPa,16.1 MJ/m2,16.9 km/h - 284º 15:19 TU,18.9 °C 14:12 TU,0.2 °C 5:36 TU,8.7 °C
YH,Pujalt,PUJALT_YH,2026-02-23,2026-02-23 21:50:52,https://www.meteo.cat/observacions/xema/dades?codi=YH&dia=2026-02-23T09:00Z,,68%,0.0 mm,,15.6 MJ/m2,16.2 km/h - 213º 12:56 TU,16.5 °C 13:55 TU,5.9 °C 7:03 TU,10.7 °C
DG,Queralbs - Núria (1.971 m),QUERALBS___NURIA_1971_M_DG,2026-02-23,2026-02-23 21:50:54,https://www.meteo.cat/observacions/xema/dades?codi=DG&dia=2026-02-23T09:00Z,82 cm,43%,0.0 mm,,14.7 MJ/m2,33.5 km/h - 42º 7:49 TU,9.8 °C 12:10 TU,0.4 °C 19:15 TU,4.0 °C
VU,Rellinars,RELLINARS_VU,2026-02-23,2026-02-23 21:50:57,https://www.meteo.cat/observacions/xema/dades?codi=VU&dia=2026-02-23T09:00Z,,70%,0.0 mm,,15.1 MJ/m2,11.5 km/h - 222º 14:35 TU,21.0 °C 14:33 TU,2.9 °C 6:41 TU,11.2 °C
VC,Riba-roja D'ebre - Pantà de Riba-roja,RIBA_ROJA_DEBRE___PANTA_DE_RIBA_ROJA_VC,2026-02-23,2026-02-23 21:50:59,https://www.meteo.cat/observacions/xema/dades?codi=VC&dia=2026-02-23T09:00Z,,69%,0.0 mm,,16.0 MJ/m2,23.8 km/h - 241º 10:05 TU,22.5 °C 16:19 TU,3.3 °C 6:02 TU,11.4 °C
YL,Riudecanyes,RIUDECANYES_YL,2026-02-23,2026-02-23 21:51:01,https://www.meteo.cat/observacions/xema/dades?codi=YL&dia=2026-02-23T09:00Z,,59%,0.0 mm,,16.2 MJ/m2,25.2 km/h - 273º 8:19 TU,21.6 °C 12:26 TU,7.5 °C 0:17 TU,13.6 °C
X5,Roquetes - Pn dels Ports,ROQUETES___PN_DELS_PORTS_X5,2026-02-23,2026-02-23 21:51:04,https://www.meteo.cat/observacions/xema/dades?codi=X5&dia=2026-02-23T09:00Z,2 cm,38%,0.0 mm,1025.1 hPa,16.8 MJ/m2,42.8 km/h - 281º 6:33 TU,18.3 °C 14:06 TU,6.7 °C 21:10 TU,12.1 °C
D4,Roses,ROSES_D4,2026-02-23,2026-02-23 21:51:06,https://www.meteo.cat/observacions/xema/dades?codi=D4&dia=2026-02-23T09:00Z,,73%,0.0 mm,1024.6 hPa,15.3 MJ/m2,17.3 km/h - 114º 15:01 TU,21.2 °C 13:15 TU,5.3 °C 4:13 TU,13.0 °C
XF,Sabadell - Parc Agrari,SABADELL___PARC_AGRARI_XF,2026-02-23,2026-02-23 21:51:08,https://www.meteo.cat/observacions/xema/dades?codi=XF&dia=2026-02-23T09:00Z,,78%,0.0 mm,1024.9 hPa,15.4 MJ/m2,16.6 km/h - 113º 14:51 TU,20.5 °C 13:51 TU,4.6 °C 6:41 TU,11.7 °C
XV,Sant Cugat del Vallès - Car,SANT_CUGAT_DEL_VALLES___CAR_XV,2026-02-23,2026-02-23 21:51:11,https://www.meteo.cat/observacions/xema/dades?codi=XV&dia=2026-02-23T09:00Z,,71%,0.0 mm,,14.9 MJ/m2,12.6 km/h - 119º 14:52 TU,21.8 °C 13:51 TU,5.0 °C 6:19 TU,12.2 °C
WQ,Sant Esteve de la Sarga - Montsec D'ares (1.572 m),SANT_ESTEVE_DE_LA_SARGA___MONTSEC_DARES_1572_M_WQ,2026-02-23,2026-02-23 21:51:13,https://www.meteo.cat/observacions/xema/dades?codi=WQ&dia=2026-02-23T09:00Z,,45%,0.0 mm,,16.3 MJ/m2,36.4 km/h - 45º 4:40 TU,12.5 °C 11:39 TU,5.8 °C 6:47 TU,9.3 °C
DL,Sant Jaume D'enveja - Illa de Buda,SANT_JAUME_DENVEJA___ILLA_DE_BUDA_DL,2026-02-23,2026-02-23 21:51:16,https://www.meteo.cat/observacions/xema/dades?codi=DL&dia=2026-02-23T09:00Z,,76%,0.1 mm,1025.0 hPa,16.6 MJ/m2,18.4 km/h - 224º 16:29 TU,19.7 °C 11:43 TU,7.1 °C 3:42 TU,12.9 °C
M6,Sant Joan de Les Abadesses,SANT_JOAN_DE_LES_ABADESSES_M6,2026-02-23,2026-02-23 21:51:18,https://www.meteo.cat/observacions/xema/dades?codi=M6&dia=2026-02-23T09:00Z,,,,,,,,,
VV,Sant Llorenç Savall,SANT_LLORENC_SAVALL_VV,2026-02-23,2026-02-23 21:51:20,https://www.meteo.cat/observacions/xema/dades?codi=VV&dia=2026-02-23T09:00Z,,76%,0.0 mm,,,22.0 km/h - 38º 0:56 TU,19.7 °C 13:59 TU,2.7 °C 6:47 TU,10.5 °C
WL,Sant Martí de Riucorb,SANT_MARTI_DE_RIUCORB_WL,2026-02-23,2026-02-23 21:51:22,https://www.meteo.cat/observacions/xema/dades?codi=WL&dia=2026-02-23T09:00Z,,72%,0.0 mm,,15.9 MJ/m2,15.1 km/h - 320º 13:05 TU,17.1 °C 14:44 TU,3.7 °C 6:55 TU,10.0 °C
U3,Sant Martí Sarroca,SANT_MARTI_SARROCA_U3,2026-02-23,2026-02-23 21:51:25,https://www.meteo.cat/observacions/xema/dades?codi=U3&dia=2026-02-23T09:00Z,,71%,0.0 mm,,15.6 MJ/m2,15.8 km/h - 227º 15:57 TU,20.4 °C 14:05 TU,4.2 °C 6:19 TU,11.7 °C
CI,Sant Pau de Segúries,SANT_PAU_DE_SEGURIES_CI,2026-02-23,2026-02-23 21:51:27,https://www.meteo.cat/observacions/xema/dades?codi=CI&dia=2026-02-23T09:00Z,,67%,0.0 mm,1026.7 hPa,,18.4 km/h - 88º 12:50 TU,17.7 °C 14:00 TU,0.8 °C 6:34 TU,9.0 °C
UK,Sant Pere de Ribes - Pn del Garraf,SANT_PERE_DE_RIBES___PN_DEL_GARRAF_UK,2026-02-23,2026-02-23 21:51:30,https://www.meteo.cat/observacions/xema/dades?codi=UK&dia=2026-02-23T09:00Z,,64%,0.0 mm,,,,18.7 °C 12:24 TU,9.6 °C 0:00 TU,13.3 °C
U2,Sant Pere Pescador,SANT_PERE_PESCADOR_U2,2026-02-23,2026-02-23 21:51:32,https://www.meteo.cat/observacions/xema/dades?codi=U2&dia=2026-02-23T09:00Z,,86%,0.0 mm,1025.0 hPa,15.3 MJ/m2,24.8 km/h - 124º 12:25 TU,19.1 °C 10:48 TU,3.1 °C 6:36 TU,10.7 °C
YO,Sant Sadurní D'anoia,SANT_SADURNI_DANOIA_YO,2026-02-23,2026-02-23 21:51:34,https://www.meteo.cat/observacions/xema/dades?codi=YO&dia=2026-02-23T09:00Z,,70%,0.0 mm,,15.0 MJ/m2,12.2 km/h - 162º 16:10 TU,21.6 °C 14:21 TU,3.6 °C 6:52 TU,12.0 °C
CL,Sant Salvador de Guardiola,SANT_SALVADOR_DE_GUARDIOLA_CL,2026-02-23,2026-02-23 21:51:36,https://www.meteo.cat/observacions/xema/dades?codi=CL&dia=2026-02-23T09:00Z,,82%,0.1 mm,1025.9 hPa,5.0 MJ/m2,15.1 km/h - 144º 16:01 TU,21.9 °C 14:02 TU,1.1 °C 7:04 TU,8.5 °C
XS,Santa Coloma de Farners,SANTA_COLOMA_DE_FARNERS_XS,2026-02-23,2026-02-23 21:51:39,https://www.meteo.cat/observacions/xema/dades?codi=XS&dia=2026-02-23T09:00Z,,65%,0.0 mm,,15.9 MJ/m2,21.6 km/h - 159º 11:12 TU,20.8 °C 13:38 TU,3.4 °C 4:53 TU,12.2 °C
UJ,Santa Coloma de Queralt,SANTA_COLOMA_DE_QUERALT_UJ,2026-02-23,2026-02-23 21:51:41,https://www.meteo.cat/observacions/xema/dades?codi=UJ&dia=2026-02-23T09:00Z,,61%,0.0 mm,,16.1 MJ/m2,23.4 km/h - 296º 8:35 TU,18.6 °C 14:44 TU,6.1 °C 3:08 TU,11.7 °C
XN,Seròs,SEROS_XN,2026-02-23,2026-02-23 21:51:43,https://www.meteo.cat/observacions/xema/dades?codi=XN&dia=2026-02-23T09:00Z,,80%,0.0 mm,,14.9 MJ/m2,8.6 km/h - 322º 14:21 TU,20.5 °C 14:56 TU,-0.3 °C 7:01 TU,8.4 °C
ZC,Setcases - Ulldeter (2.413 m),SETCASES___ULLDETER_2413_M_ZC,2026-02-23,2026-02-23 21:51:46,https://www.meteo.cat/observacions/xema/dades?codi=ZC&dia=2026-02-23T09:00Z,53 cm,26%,0.0 mm,,16.7 MJ/m2,36.0 km/h - 326º 7:22 TU,6.6 °C 15:37 TU,1.1 °C 1:23 TU,4.2 °C
XT,Solsona,SOLSONA_XT,2026-02-23,2026-02-23 21:51:48,https://www.meteo.cat/observacions/xema/dades?codi=XT&dia=2026-02-23T09:00Z,,70%,0.0 mm,1025.0 hPa,15.5 MJ/m2,19.8 km/h - 231º 13:31 TU,21.1 °C 13:57 TU,2.8 °C 5:52 TU,11.0 °C
XH,Sort,SORT_XH,2026-02-23,2026-02-23 21:51:51,https://www.meteo.cat/observacions/xema/dades?codi=XH&dia=2026-02-23T09:00Z,3 cm,61%,0.0 mm,1026.2 hPa,,,20.4 °C 13:43 TU,-0.2 °C 6:31 TU,8.7 °C
VX,Tagamanent - Pn del Montseny,TAGAMANENT___PN_DEL_MONTSENY_VX,2026-02-23,2026-02-23 21:51:53,https://www.meteo.cat/observacions/xema/dades?codi=VX&dia=2026-02-23T09:00Z,,48%,0.0 mm,,,,16.7 °C 12:33 TU,9.2 °C 6:31 TU,11.9 °C
XE,Tarragona - Complex Educatiu,TARRAGONA___COMPLEX_EDUCATIU_XE,2026-02-23,2026-02-23 21:51:55,https://www.meteo.cat/observacions/xema/dades?codi=XE&dia=2026-02-23T09:00Z,,73%,0.0 mm,1024.7 hPa,15.8 MJ/m2,16.2 km/h - 139º 12:30 TU,19.0 °C 11:33 TU,5.4 °C 6:23 TU,11.9 °C
YK,Terrassa,TERRASSA_YK,2026-02-23,2026-02-23 21:51:57,https://www.meteo.cat/observacions/xema/dades?codi=YK&dia=2026-02-23T09:00Z,,66%,0.0 mm,,15.8 MJ/m2,20.2 km/h - 308º 1:38 TU,20.7 °C 14:46 TU,7.9 °C 6:13 TU,13.5 °C
Y6,Tivissa,TIVISSA_Y6,2026-02-23,2026-02-23 21:52:00,https://www.meteo.cat/observacions/xema/dades?codi=Y6&dia=2026-02-23T09:00Z,,57%,0.0 mm,,16.0 MJ/m2,16.6 km/h - 324º 11:26 TU,21.2 °C 15:42 TU,6.1 °C 6:43 TU,12.7 °C
DK,Torredembarra,TORREDEMBARRA_DK,2026-02-23,2026-02-23 21:52:02,https://www.meteo.cat/observacions/xema/dades?codi=DK&dia=2026-02-23T09:00Z,,83%,0.0 mm,1024.8 hPa,15.8 MJ/m2,11.5 km/h - 305º 0:09 TU,16.8 °C 13:50 TU,5.6 °C 5:42 TU,11.3 °C
X7,Torres de Segre,TORRES_DE_SEGRE_X7,2026-02-23,2026-02-23 21:52:04,https://www.meteo.cat/observacions/xema/dades?codi=X7&dia=2026-02-23T09:00Z,,75%,0.0 mm,,15.4 MJ/m2,13.7 km/h - 124º 19:23 TU,18.8 °C 15:50 TU,3.3 °C 6:01 TU,10.5 °C
XZ,Torroella de Fluvià,TORROELLA_DE_FLUVIA_XZ,2026-02-23,2026-02-23 21:52:07,https://www.meteo.cat/observacions/xema/dades?codi=XZ&dia=2026-02-23T09:00Z,,84%,0.1 mm,,,,19.6 °C 11:55 TU,2.8 °C 5:04 TU,10.7 °C
UE,Torroella de Montgrí,TORROELLA_DE_MONTGRI_UE,2026-02-23,2026-02-23 21:52:09,https://www.meteo.cat/observacions/xema/dades?codi=UE&dia=2026-02-23T09:00Z,,79%,0.0 mm,,,,20.4 °C 13:49 TU,4.9 °C 5:45 TU,11.8 °C
WR,Torroja del Priorat,TORROJA_DEL_PRIORAT_WR,2026-02-23,2026-02-23 21:52:11,https://www.meteo.cat/observacions/xema/dades?codi=WR&dia=2026-02-23T09:00Z,,58%,0.0 mm,,15.3 MJ/m2,19.8 km/h - 260º 13:52 TU,22.0 °C 15:15 TU,4.2 °C 6:45 TU,12.6 °C
XQ,Tremp,TREMP_XQ,2026-02-23,2026-02-23 21:52:14,https://www.meteo.cat/observacions/xema/dades?codi=XQ&dia=2026-02-23T09:00Z,,71%,0.0 mm,,15.7 MJ/m2,16.2 km/h - 177º 16:38 TU,21.2 °C 15:27 TU,0.3 °C 7:03 TU,9.7 °C
C7,Tàrrega,TARREGA_C7,2026-02-23,2026-02-23 21:52:16,https://www.meteo.cat/observacions/xema/dades?codi=C7&dia=2026-02-23T09:00Z,,68%,0.0 mm,1025.4 hPa,15.7 MJ/m2,17.6 km/h - 280º 15:12 TU,18.3 °C 15:18 TU,4.3 °C 7:02 TU,11.0 °C
YG,Tírvia,TIRVIA_YG,2026-02-23,2026-02-23 21:52:18,https://www.meteo.cat/observacions/xema/dades?codi=YG&dia=2026-02-23T09:00Z,,49%,0.0 mm,1026.4 hPa,15.0 MJ/m2,18.4 km/h - 267º 15:33 TU,20.9 °C 14:37 TU,-0.3 °C 6:58 TU,8.6 °C
UX,Ulldecona - els Valentins,ULLDECONA___ELS_VALENTINS_UX,2026-02-23,2026-02-23 21:52:21,https://www.meteo.cat/observacions/xema/dades?codi=UX&dia=2026-02-23T09:00Z,,63%,0.0 mm,,16.0 MJ/m2,17.3 km/h - 113º 13:20 TU,21.6 °C 12:26 TU,5.1 °C 4:56 TU,12.5 °C
XD,Ulldemolins,ULLDEMOLINS_XD,2026-02-23,2026-02-23 21:52:23,https://www.meteo.cat/observacions/xema/dades?codi=XD&dia=2026-02-23T09:00Z,,54%,0.0 mm,1025.7 hPa,15.7 MJ/m2,24.1 km/h - 302º 13:18 TU,17.8 °C 13:11 TU,4.1 °C 0:49 TU,10.6 °C
D2,Vacarisses,VACARISSES_D2,2026-02-23,2026-02-23 21:52:25,https://www.meteo.cat/observacions/xema/dades?codi=D2&dia=2026-02-23T09:00Z,,81%,0.0 mm,1025.5 hPa,,,21.2 °C 14:20 TU,1.4 °C 6:42 TU,9.7 °C
V1,Vallfogona de Balaguer,VALLFOGONA_DE_BALAGUER_V1,2026-02-23,2026-02-23 21:52:28,https://www.meteo.cat/observacions/xema/dades?codi=V1&dia=2026-02-23T09:00Z,,82%,0.1 mm,,15.3 MJ/m2,9.7 km/h - 228º 12:29 TU,19.0 °C 15:42 TU,2.1 °C 6:41 TU,9.5 °C
D3,Vallirana,VALLIRANA_D3,2026-02-23,2026-02-23 21:52:30,https://www.meteo.cat/observacions/xema/dades?codi=D3&dia=2026-02-23T09:00Z,,62%,0.0 mm,1024.2 hPa,15.8 MJ/m2,14.4 km/h - 75º 13:15 TU,22.0 °C 13:30 TU,8.5 °C 6:08 TU,14.5 °C
XO,Vic,VIC_XO,2026-02-23,2026-02-23 21:52:32,https://www.meteo.cat/observacions/xema/dades?codi=XO&dia=2026-02-23T09:00Z,,70%,0.0 mm,,15.4 MJ/m2,15.5 km/h - 181º 15:32 TU,21.2 °C 14:00 TU,1.5 °C 6:18 TU,10.5 °C
VS,Vielha e Mijaran - Lac Redon (2.247 m),VIELHA_E_MIJARAN___LAC_REDON_2247_M_VS,2026-02-23,2026-02-23 21:52:35,https://www.meteo.cat/observacions/xema/dades?codi=VS&dia=2026-02-23T09:00Z,225 cm,35%,0.0 mm,,16.2 MJ/m2,51.5 km/h - 46º 4:57 TU,6.1 °C 14:58 TU,0.2 °C 20:17 TU,3.1 °C
YN,Vielha e Mijaran - Vielha - Elipòrt,VIELHA_E_MIJARAN___VIELHA___ELIPORT_YN,2026-02-23,2026-02-23 21:52:37,https://www.meteo.cat/observacions/xema/dades?codi=YN&dia=2026-02-23T09:00Z,1 cm,51%,0.0 mm,1026.9 hPa,14.4 MJ/m2,18.0 km/h - 206º 14:12 TU,18.2 °C 12:29 TU,2.0 °C 4:43 TU,8.2 °C
DQ,Vila-rodona,VILA_RODONA_DQ,2026-02-23,2026-02-23 21:52:40,https://www.meteo.cat/observacions/xema/dades?codi=DQ&dia=2026-02-23T09:00Z,,60%,0.0 mm,1024.9 hPa,15.7 MJ/m2,19.4 km/h - 202º 12:12 TU,21.1 °C 13:47 TU,7.5 °C 6:43 TU,14.0 °C
YY,Viladecans - les Filipines,VILADECANS_YY,2026-02-23,2026-02-23 21:52:42,https://www.meteo.cat/observacions/xema/dades?codi=YY&dia=2026-02-23T09:00Z,,78%,0.0 mm,1025.1 hPa,15.7 MJ/m2,15.8 km/h - 340º 4:52 TU,18.1 °C 10:51 TU,4.7 °C 2:43 TU,11.5 °C
WS,Viladrau,VILADRAU_WS,2026-02-23,2026-02-23 21:52:44,https://www.meteo.cat/observacions/xema/dades?codi=WS&dia=2026-02-23T09:00Z,,53%,0.0 mm,1024.3 hPa,15.0 MJ/m2,17.3 km/h - 63º 13:23 TU,17.4 °C 14:15 TU,6.2 °C 6:22 TU,11.2 °C
W4,Vilafranca del Penedès - la Granada,VILAFRANCA_DEL_PENEDES___LA_GRANADA_W4,2026-02-23,2026-02-23 21:52:46,https://www.meteo.cat/observacions/xema/dades?codi=W4&dia=2026-02-23T09:00Z,,70%,0.0 mm,,15.7 MJ/m2,22.3 km/h - 44º 5:54 TU,20.8 °C 13:59 TU,6.0 °C 0:16 TU,12.0 °C
CQ,Vilanova de Meià,VILANOVA_DE_MEIA_CQ,2026-02-23,2026-02-23 21:52:49,https://www.meteo.cat/observacions/xema/dades?codi=CQ&dia=2026-02-23T09:00Z,,70%,0.0 mm,1025.4 hPa,,14.4 km/h - 191º 13:05 TU,18.7 °C 14:44 TU,5.0 °C 6:44 TU,11.1 °C
KE,Vilanova de Sau - Pantà de Sau,VILANOVA_DE_SAU___PANTA_DE_SAU_KE,2026-02-23,2026-02-23 21:52:51,https://www.meteo.cat/observacions/xema/dades?codi=KE&dia=2026-02-23T09:00Z,,,,,,,,,
VM,Vilanova de Segrià,VILANOVA_DE_SEGRIA_VM,2026-02-23,2026-02-23 21:52:53,https://www.meteo.cat/observacions/xema/dades?codi=VM&dia=2026-02-23T09:00Z,,82%,0.0 mm,,15.5 MJ/m2,9.7 km/h - 135º 13:04 TU,18.8 °C 15:23 TU,0.6 °C 6:41 TU,9.3 °C
YR,Vilanova i la Geltrú,VILANOVA_I_LA_GELTRU_YR,2026-02-23,2026-02-23 21:52:56,https://www.meteo.cat/observacions/xema/dades?codi=YR&dia=2026-02-23T09:00Z,,76%,0.0 mm,1025.6 hPa,15.3 MJ/m2,15.1 km/h - 163º 13:46 TU,17.4 °C 12:20 TU,5.6 °C 5:13 TU,11.8 °C
D7,Vinebre,VINEBRE_D7,2026-02-23,2026-02-23 21:52:58,https://www.meteo.cat/observacions/xema/dades?codi=D7&dia=2026-02-23T09:00Z,,73%,0.0 mm,1025.9 hPa,15.6 MJ/m2,16.6 km/h - 30º 12:19 TU,22.8 °C 16:08 TU,0.3 °C 6:47 TU,10.2 °C
U6,Vinyols i els Arcs - Cambrils,VINYOLS_I_ELS_ARCS___CAMBRILS_U6,2026-02-23,2026-02-23 21:53:01,https://www.meteo.cat/observacions/xema/dades?codi=U6&dia=2026-02-23T09:00Z,,73%,0.0 mm,,15.7 MJ/m2,12.6 km/h - 172º 13:45 TU,20.1 °C 12:39 TU,2.6 °C 2:40 TU,11.1 °C
H1,Òdena,ODENA_H1,2026-02-23,2026-02-23 21:53:03,https://www.meteo.cat/observacions/xema/dades?codi=H1&dia=2026-02-23T09:00Z,,73%,0.0 mm,1025.5 hPa,14.9 MJ/m2,18.0 km/h - 131º 17:08 TU,22.2 °C 14:09 TU,1.1 °C 6:15 TU,10.5 °C
